{
        "adapt" : "arbiter",
        "codec" : "h264",
        "debug" : "off",
        "initBuffer" : 2,
        "maxBuffer" : 60,
        "maxHeight" : 1080,
        "streamDuration" : 10,
        "storeDash" : "3479854",
        "logFile" : "log_file_2",
        "getHeaders" : "on",
        "terminalPrint" : "on",
        "printHeader" : "{\"Algorithm\":\"off\",\"Seg_Dur\":\"on\",\"Codec\":\"off\",\"Width\":\"on\",\"Height\":\"on\",\"FPS\":\"off\",\"Play_Pos\":\"on\",\"RTT\":\"off\",\"Seg_Repl\":\"off\",\"Protocol\":\"off\",\"P.1203\":\"on\",\"Clae\":\"on\",\"Duanmu\":\"on\",\"Yin\":\"on\",\"Yu\":\"on\"}",
        "hls" : "off",
        "expRatio" : 0.2,
        "quic" : "off",
        "useTestbed" : "off",
        "url" : "[http://dev.cs.ucc.ie/misl/4K_non_copyright_dataset/2_sec/x264/sintel/DASH_Files/full/sintel_enc_x264_dash.mpd]",
        "QoE" : "on"
}
