{
        "adapt" : "conventional",
        "codec" : "h264",
        "debug" : "on",
        "initBuffer" : 2,
        "maxBuffer" : 60,
        "maxHeight" : 3000,
        "streamDuration" : 36,
        "storeDash" : "347985",
        "getHeaders" : "off",
        "terminalPrint" : "on",
        "printHeader" : "{\"Algorithm\":\"off\",\"Seg_Dur\":\"off\",\"Codec\":\"off\",\"Width\":\"on\",\"Height\":\"on\",\"FPS\":\"off\",\"Play_Pos\":\"off\",\"RTT\":\"off\",\"Seg_Repl\":\"off\",\"Protocol\":\"off\",\"P.1203\":\"on\",\"Clae\":\"on\",\"Duanmu\":\"on\",\"Yin\":\"on\",\"Yu\":\"on\"}",
        "hls" : "off",
        "expRatio": 0.2,
        "quic" : "on",
        "useTestbed" : "on",
        "url" : "[https://www.godashbed.org/ed_10min/DASH_Files/VOD/ed_enc_10min_x264_dash.mpd]",
        "QoE" : "on"
}
