{
        "adapt" : "conventional",
        "codec" : "h264",
        "debug" : "off",
        "initBuffer" : 2,
        "maxBuffer" : 60,
        "maxHeight" : 1080,
        "streamDuration" : 20,
        "storeDash" : "3479854",
        "logFile" : "log_file_2",
        "getHeaders" : "off",
        "terminalPrint" : "on",
        "printHeader" : "{\"Algorithm\":\"on\",\"Seg_Dur\":\"on\",\"Codec\":\"on\",\"Width\":\"on\",\"Height\":\"on\",\"FPS\":\"on\",\"Play_Pos\":\"on\",\"RTT\":\"on\",\"Seg_Repl\":\"off\",\"Protocol\":\"on\",\"P.1203\":\"on\",\"Clae\":\"on\",\"Duanmu\":\"on\",\"Yin\":\"on\",\"Yu\":\"on\"}",
        "hls" : "off",
        "expRatio" : 0.2,
        "quic" : "off",
        "useTestbed" : "off",
        "url" : "[http://cs1dev.ucc.ie/misl/4K_non_copyright_dataset/4_sec/x264/sintel/DASH_Files/full/sintel_enc_x264_dash.mpd]",
        "QoE" : "on"
}
