1,4.0
1,4.0
1,4.0
1,12.0
1,980.0
1,3269.0
1,2415.0
1,1764.0
1,3003.0
1,3.0
1,3.0
1,3.0
1,3.0
1,923.0
1,456.0
1,277.0
1,663.0
1,12.0
1,1881.0
1,63200.0
1,1.0
1,1.0
1,1.0
1,1.0
1,1.0
1,1.0
1,1.0
1,1.0
1,1.0
1,1.0
1,1.0
1,1.0
1,1.0
1,1.0
1,1.0
1,1.0
1,32.0
1,2.4
1,2.4
1,2.4
1,2.4
1,2.4
1,131.0
1,4.0
1,4.0
1,4.0
1,12.0
1,29342.0
1,73184.0
1,127924.0
1,194256.0
1,12.0
1,268.0
1,12.0
1,12758.0
1,25.0
1,279.0
1,14634.0
1,6.0
1,6.0
1,10425.0
1,276.0
1,6.0
1,6.0
1,13462.0
1,12.0
1,14212.0
1,6.0
1,6.0
1,7727.0
1,1291.0
1,279.0
1,12.0
1,275.0
1,12.0
1,15860.0
1,12.0
1,267.0
1,15889.0
1,6.0
1,6.0
1,262.0
1,2258.0
1,2446.0
1,279.0
1,12.0
1,5727.0
1,276.0
1,6730.0
1,12.0
1,266.0
1,5897.0
1,6.0
1,6.0
1,269.0
1,1228.0
1,1402.0
1,278.0
1,12.0
1,12631.0
1,276.0
1,4.0
1,12.0
1,6.0
1,6.0
1,16595.0
1,12.0
1,267.0
1,7163.0
1,12.0
1,265.0
1,12.0
1,9123.0
1,12.0
1,5774.0
1,12.0
1,269.0
1,274.0
1,6.0
1,6.0
1,6828.0
1,276.0
1,6.0
1,6.0
1,5281.0
1,273.0
1,12.0
1,27512.0
1,6.0
1,6.0
1,4909.0
1,12.0
1,2874.0
1,277.0
1,12.0
1,16325.0
1,12.0
1,264.0
1,12.0
1,12635.0
1,12.0
1,266.0
1,12.0
1,10471.0
1,12.0
1,5180.0
1,12.0
1,7907.0
1,281.0
1,12.0
1,266.0
1,12.0
1,6026.0
1,2.0
1,276.0
1,12.0
1,3260.0
1,12.0
1,266.0
1,12.0
1,2696.0
1,276.0
1,276.0
1,4919.0
1,12.0
1,273.0
1,12.0
1,7222.0
1,12.0
1,263.0
1,12.0
1,6050.0
1,279.0
1,6.0
1,6.0
1,3771.0
1,278.0
1,12.0
1,2945.0
1,12.0
1,3581.0
1,12.0
1,266.0
1,12.0
1,266.0
1,12.0
1,9192.0
1,279.0
1,12.0
1,2250.0
1,12.0
1,268.0
1,12.0
1,2690.0
1,12.0
1,12162.0
1,35.0
1,279.0
1,12.0
1,4614.0
1,11822.0
1,6.0
1,6.0
1,9652.0
1,281.0
1,12.0
1,3991.0
1,12.0
1,265.0
1,12.0
1,7158.0
1,12.0
1,265.0
1,12.0
1,266.0
1,12.0
1,5380.0
1,12.0
1,2184.0
1,6.0
1,6.0
1,5965.0
1,12.0
1,3818.0
1,12.0
1,5625.0
1,278.0
1,2.0
1,4.0
1,284.0
1,14081.0
1,2.0
1,279.0
1,12.0
1,11686.0
1,12.0
1,263.0
1,12.0
1,5525.0
1,2.0
1,279.0
1,279.0
1,6.0
1,6.0
1,4118.0
1,3851.0
1,12.0
1,265.0
1,12.0
1,4747.0
1,12.0
1,4476.0
1,14.0
1,279.0
1,7888.0
1,6.0
1,6.0
1,267.0
1,5849.0
1,12.0
1,269.0
1,12.0
1,267.0
1,12.0
1,7144.0
1,273.0
1,6.0
1,6.0
1,4270.0
1,12.0
1,268.0
1,12.0
1,11432.0
1,280.0
1,12.0
1,11190.0
1,12.0
1,271.0
1,12.0
1,8591.0
1,12.0
1,265.0
1,12.0
1,266.0
1,12.0
1,6912.0
1,279.0
1,12.0
1,1385.0
1,8095.0
1,278.0
1,12.0
1,2998.0
1,12.0
1,3433.0
1,323.0
1,12.0
1,12.0
1,5139.0
1,12.0
1,4139.0
1,12.0
1,263.0
1,1941.0
1,12.0
1,266.0
1,12.0
1,5345.0
1,21.0
1,277.0
1,12.0
1,5036.0
1,12.0
1,268.0
1,1031.0
1,12.0
1,2681.0
1,12.0
1,264.0
1,4289.0
1,6.0
1,6.0
1,266.0
1,12.0
1,6184.0
1,12.0
1,264.0
1,12.0
1,7679.0
1,12.0
1,6294.0
1,278.0
1,12.0
1,4066.0
1,280.0
1,6.0
1,6.0
1,2818.0
1,12.0
1,2882.0
1,12.0
1,3891.0
1,278.0
1,12.0
1,104.0
1,12.0
1,264.0
1,12.0
1,267.0
1,5243.0
1,6.0
1,6.0
1,269.0
1,12.0
1,319.0
1,12.0
1,265.0
1,128.0
1,632.0
1,3486.0
1,12.0
1,268.0
1,12.0
1,3886.0
1,27.0
1,9153.0
1,12.0
1,266.0
1,12.0
1,12374.0
1,12.0
1,262.0
1,12.0
1,5564.0
1,279.0
1,12.0
1,7172.0
1,276.0
1,6.0
1,6.0
1,3115.0
1,12.0
1,270.0
1,12.0
1,2096.0
1,274.0
1,3170.0
1,279.0
1,12.0
1,10027.0
1,12.0
1,267.0
1,12.0
1,5899.0
1,12.0
1,264.0
1,12.0
1,5290.0
1,280.0
1,6.0
1,6.0
1,4090.0
1,121.0
1,5268.0
1,280.0
1,12.0
1,3457.0
1,12.0
1,264.0
1,12.0
1,14446.0
1,12.0
1,265.0
1,12.0
1,266.0
1,6.0
1,6.0
1,4586.0
1,277.0
1,12.0
1,15.0
1,6653.0
1,12.0
1,7925.0
1,12.0
1,5413.0
1,12.0
1,266.0
1,12.0
1,25519.0
1,276.0
1,46.0
1,298.0
1,9434.0
1,25.0
1,22.0
1,301.0
1,25.0
1,4999.0
1,277.0
1,6.0
1,6.0
1,2382.0
1,171.0
1,12.0
1,265.0
1,12.0
1,22433.0
1,12.0
1,266.0
1,12.0
1,16184.0
1,12.0
1,263.0
1,12.0
1,11185.0
1,278.0
1,9446.0
1,12.0
1,147.0
1,3840.0
1,12.0
1,4042.0
1,38.0
1,4935.0
1,12.0
1,266.0
1,12.0
1,6943.0
1,276.0
1,6.0
1,6.0
1,2823.0
1,6.0
1,6.0
1,5063.0
1,29.0
1,279.0
1,12.0
1,2506.0
1,281.0
1,2115.0
1,12.0
1,261.0
1,4507.0
1,6.0
1,6.0
1,2017.0
1,276.0
1,12.0
1,6215.0
1,12.0
1,267.0
1,12.0
1,9674.0
1,12.0
1,132.0
1,12.0
1,2405.0
1,12.0
1,4491.0
1,275.0
1,12.0
1,3771.0
1,12.0
1,5573.0
1,12.0
1,7690.0
1,12.0
1,267.0
1,12.0
1,10058.0
1,12.0
1,265.0
1,109.0
1,4992.0
1,278.0
1,12.0
1,13679.0
1,12.0
1,261.0
1,12.0
1,270.0
1,12.0
1,9141.0
1,5690.0
1,6.0
1,6.0
1,8130.0
1,279.0
1,12.0
1,265.0
1,7130.0
1,6.0
1,6.0
1,261.0
1,279.0
1,6892.0
1,12.0
1,265.0
1,12.0
1,4385.0
1,4313.0
1,12.0
1,4690.0
1,279.0
1,6.0
1,6.0
1,4551.0
1,276.0
1,6.0
1,6.0
1,4536.0
1,12.0
1,5844.0
1,12.0
1,544.0
1,12653.0
1,12.0
1,265.0
1,12.0
1,5537.0
1,12.0
1,265.0
1,8418.0
1,6.0
1,6.0
1,5931.0
1,278.0
1,12.0
1,94.0
1,649.0
1,9250.0
1,12.0
1,268.0
1,12.0
1,9681.0
1,12.0
1,267.0
1,12.0
1,264.0
1,10281.0
1,6.0
1,6.0
1,268.0
1,11930.0
1,12.0
1,264.0
1,28.0
1,10069.0
1,12.0
1,7388.0
1,12.0
1,268.0
1,12.0
1,6656.0
1,279.0
1,12.0
1,16177.0
1,12.0
1,2320.0
1,12.0
1,263.0
1,8503.0
1,6.0
1,6.0
1,10561.0
1,12.0
1,6923.0
1,12.0
1,264.0
1,277.0
1,14869.0
1,277.0
1,12.0
1,10517.0
1,12.0
1,9419.0
1,12.0
1,18556.0
1,278.0
1,6.0
1,6.0
1,18424.0
1,12.0
1,263.0
1,279.0
1,12.0
1,2411.0
1,12.0
1,4286.0
1,12.0
1,309.0
1,12.0
1,7340.0
1,12.0
1,266.0
1,12.0
1,4135.0
1,275.0
1,4316.0
1,278.0
1,6.0
1,6.0
1,7003.0
1,276.0
1,280.0
1,6.0
1,6.0
1,3761.0
1,12.0
1,267.0
1,12.0
1,2514.0
1,12.0
1,265.0
1,12.0
1,14048.0
1,277.0
1,12.0
1,16583.0
1,12.0
1,265.0
1,12.0
1,9870.0
1,12.0
1,272.0
1,6611.0
1,6.0
1,6.0
1,264.0
1,7535.0
1,12.0
1,270.0
1,12.0
1,3741.0
1,12.0
1,5951.0
1,12.0
1,17054.0
1,12.0
1,268.0
1,12.0
1,268.0
1,4683.0
1,12.0
1,263.0
1,12.0
1,3098.0
1,12.0
1,265.0
1,12.0
1,9003.0
1,280.0
1,2674.0
1,12.0
1,266.0
1,12.0
1,3644.0
1,12.0
1,450.0
1,7599.0
1,12.0
1,265.0
1,12.0
1,7052.0
1,277.0
1,6.0
1,6.0
1,265.0
1,12.0
1,9086.0
1,279.0
1,12.0
1,3669.0
1,12.0
1,266.0
1,12.0
1,5062.0
1,12.0
1,267.0
1,12.0
1,264.0
1,12.0
1,4021.0
1,278.0
1,2285.0
1,281.0
1,12.0
1,6602.0
1,277.0
1,6.0
1,6.0
1,4585.0
1,12.0
1,267.0
1,12.0
1,7703.0
1,12.0
1,3964.0
1,278.0
1,12.0
1,97.0
1,169.0
1,6289.0
1,12.0
1,268.0
1,278.0
1,6.0
1,6.0
1,7493.0
1,4945.0
1,6.0
1,6.0
1,3070.0
1,12.0
1,293.0
1,4753.0
1,12.0
1,264.0
1,12.0
1,3279.0
1,279.0
1,6.0
1,6.0
1,7471.0
1,12.0
1,8364.0
1,12.0
1,268.0
1,278.0
1,12.0
1,9441.0
1,12.0
1,263.0
1,12.0
1,9345.0
1,12.0
1,12471.0
1,12.0
1,266.0
1,12.0
1,11666.0
1,279.0
1,12.0
1,6092.0
1,12.0
1,5896.0
1,12.0
1,266.0
1,12.0
1,4796.0
1,12.0
1,267.0
1,12.0
1,10424.0
1,12.0
1,8705.0
1,283.0
1,12.0
1,306.0
1,12.0
1,6599.0
1,273.0
1,6.0
1,6.0
1,6856.0
1,6281.0
1,6.0
1,6.0
1,6954.0
1,131.0
1,27.0
1,6623.0
1,12.0
1,267.0
1,278.0
1,13430.0
1,275.0
1,6.0
1,6.0
1,12852.0
1,12.0
1,8637.0
1,6.0
1,6.0
1,108.0
1,106.0
1,6386.0
1,12.0
1,267.0
1,12.0
1,8455.0
1,12.0
1,9000.0
1,12.0
1,267.0
1,5616.0
1,6.0
1,6.0
1,2999.0
1,274.0
1,12.0
1,5209.0
1,214.0
1,6.0
1,6.0
1,5670.0
1,12.0
1,264.0
1,12.0
1,3862.0
1,12.0
1,11088.0
1,12.0
1,265.0
1,8496.0
1,281.0
1,6.0
1,6.0
1,9571.0
1,12.0
1,14586.0
1,12.0
1,263.0
1,280.0
1,6.0
1,6.0
1,7882.0
1,281.0
1,12.0
1,5233.0
1,12.0
1,267.0
1,12.0
1,5739.0
1,12.0
1,268.0
1,2049.0
1,6.0
1,6.0
1,4344.0
1,12.0
1,264.0
1,4517.0
1,12.0
1,3974.0
1,12.0
1,267.0
1,12.0
1,2688.0
1,12.0
1,8106.0
1,276.0
1,6.0
1,6.0
1,265.0
1,4983.0
1,12.0
1,6040.0
1,12.0
1,263.0
1,6099.0
1,6.0
1,6.0
1,7630.0
1,278.0
1,6.0
1,6.0
1,10355.0
1,277.0
1,12.0
1,97.0
1,8186.0
1,278.0
1,12.0
1,11271.0
1,12.0
1,97.0
1,12.0
1,265.0
1,8444.0
1,12.0
1,264.0
1,12.0
1,623.0
1,8141.0
1,278.0
1,12.0
1,6579.0
1,12.0
1,263.0
1,12.0
1,5987.0
1,12.0
1,268.0
1,171.0
1,6.0
1,6.0
1,6747.0
1,6247.0
1,12.0
1,268.0
1,12.0
1,6132.0
1,12.0
1,6759.0
1,12.0
1,265.0
1,277.0
1,4811.0
1,12.0
1,267.0
1,5400.0
1,12.0
1,97.0
1,12.0
1,4865.0
1,12.0
1,2317.0
1,12.0
1,267.0
1,12.0
1,4586.0
1,12.0
1,266.0
1,12.0
1,8215.0
1,2470.0
1,12.0
1,268.0
1,12.0
1,5650.0
1,278.0
1,5415.0
1,12.0
1,265.0
1,12.0
1,10696.0
1,279.0
1,3.0
1,6133.0
1,6.0
1,6.0
1,262.0
1,4198.0
1,12.0
1,265.0
1,12.0
1,7019.0
1,12.0
1,265.0
1,6987.0
1,2.0
1,12.0
1,7394.0
1,278.0
1,6.0
1,6.0
1,7259.0
1,6.0
1,6.0
1,8790.0
1,12.0
1,263.0
1,12.0
1,5340.0
1,102.0
1,281.0
1,1607.0
1,1830.0
1,12.0
1,7330.0
1,274.0
1,12.0
1,2674.0
1,12.0
1,5545.0
1,12.0
1,269.0
1,2593.0
1,6.0
1,6.0
1,4043.0
1,12.0
1,7264.0
1,280.0
1,12.0
1,767.0
1,12.0
1,5087.0
1,280.0
1,6.0
1,6.0
1,4527.0
1,12.0
1,5749.0
1,28.0
1,278.0
1,12.0
1,8693.0
1,12.0
1,7375.0
1,274.0
1,12.0
1,5869.0
1,12.0
1,266.0
1,12.0
1,6098.0
1,12.0
1,3565.0
1,12.0
1,3278.0
1,12.0
1,4382.0
1,6.0
1,6.0
1,4777.0
1,12.0
1,7409.0
1,12.0
1,268.0
1,12.0
1,6388.0
1,12.0
1,262.0
1,12.0
1,5247.0
1,276.0
1,12.0
1,3563.0
1,12.0
1,264.0
1,12.0
1,2718.0
1,7197.0
1,6.0
1,6.0
1,266.0
1,12.0
1,10107.0
1,12.0
1,5267.0
1,279.0
1,12.0
1,11949.0
1,12.0
1,13806.0
1,12.0
1,265.0
1,12.0
1,267.0
1,29.0
1,4209.0
1,12.0
1,264.0
1,12.0
1,4276.0
1,278.0
1,12.0
1,3132.0
1,12.0
1,264.0
1,1.0
1,1.0
1,1.0
1,1.0
1,1.0
1,1.0
1,1.0
1,1.0
1,1.0
1,1.0
1,1.0
1,1.0
1,1.0
1,1.0
1,1.0
1,1.0
1,1.0
1,1.0
1,1.0
1,1.0
1,1.0
1,1.0
1,1.0
1,1.0
1,1.0
1,1.0
1,1.0
1,1.0
1,1.0
1,1.0
1,1.0
1,1.0
1,1.0
1,1.0
1,1.0
1,1.0
1,1.0
1,1.0
1,1.0
1,1.0
1,1.0
1,1.0
1,1.0
1,1.0
1,1.0
1,1.0
1,1.0
1,1.0
1,1.0
1,1.0
1,1.0
1,1.0
1,1.0
1,1.0
1,1.0
1,1.0
1,1.0
1,1.0
1,1.0
1,1.0
1,1.0
1,1.0
1,1.0
1,1.0
1,1.0
1,1.0
1,1.0
1,1.0
1,1.0
1,1.0
1,1.0
1,1.0
1,1.0
1,1.0
1,1.0
1,1.0
1,1.0
1,1.0
1,1.0
1,1.0
1,1.0
1,1.0
1,1.0
1,1.0
1,1.0
1,1.0
1,1.0
1,1.0
1,1.0
1,1.0
1,1.7142857142857142
1,1.7142857142857142
1,1.7142857142857142
1,1.7142857142857142
1,1.7142857142857142
1,1.7142857142857142
1,1.7142857142857142
1,4.0
1,4.0
1,4.0
1,1.0
1,1.0
1,1.0
1,1.0
1,1.0
1,1.0
1,1.0
1,1.0
1,1.0
1,1.0
1,1.0
1,1.0
1,1.0
1,1.0
1,1.0
1,1.0
1,1.0
1,1.0
1,1.0
1,1.0
1,1.0
1,1.0
1,1.0
1,1.0
1,1.0
1,1.0
1,1.0
1,1.0
1,1.0
1,1.0
1,1.0
1,1.0
1,1.0
1,1.0
1,1.0
1,1.0
1,1.0
1,1.0
1,1.0
1,1.0
1,1.0
1,1.0
1,1.0
1,1.0
1,1.0
1,1.0
1,1.0
1,1.0
1,1.0
1,1.0
1,1.0
1,1.0
1,1.0
1,1.0
1,1.0
1,1.0
1,12.0
1,4634.0
1,4677.0
1,15664.0
1,5988.0
1,59427.0
1,6476.0
1,13721.0
1,25020.0
1,31640.0
1,65477.0
1,2708.0
1,18.0
1,16470.0
1,8688.0
1,4495.0
1,10066.0
1,26027.0
1,86316.0
1,109969.0
1,19368.0
1,12.0
1,547.0
1,313.0
1,2548.0
1,277.0
1,12.0
1,9103.0
1,12.0
1,8325.0
1,12.0
1,267.0
1,5666.0
1,6.0
1,6.0
1,12961.0
1,276.0
1,12.0
1,3638.0
1,278.0
1,6.0
1,6.0
1,8505.0
1,12.0
1,5370.0
1,12.0
1,265.0
1,12.0
1,9539.0
1,12.0
1,11916.0
1,277.0
1,278.0
1,6.0
1,6.0
1,8651.0
1,276.0
1,49.0
1,12.0
1,8463.0
1,279.0
1,6.0
1,6.0
1,7618.0
1,6.0
1,6.0
1,9103.0
1,12.0
1,267.0
1,15680.0
1,6.0
1,6.0
1,264.0
1,12.0
1,6478.0
1,12.0
1,265.0
1,12.0
1,14074.0
1,274.0
1,12.0
1,4809.0
1,12.0
1,265.0
1,12.0
1,9877.0
1,12.0
1,13908.0
1,12.0
1,263.0
1,12.0
1,266.0
1,6090.0
1,12.0
1,5239.0
1,12.0
1,14344.0
1,12.0
1,264.0
1,12.0
1,7532.0
1,12.0
1,264.0
1,7.0
1,8153.0
1,12.0
1,267.0
1,279.0
1,12.0
1,6732.0
1,277.0
1,8671.0
1,4.0
1,311.0
1,12.0
1,5461.0
1,12.0
1,265.0
1,12.0
1,3735.0
1,6.0
1,6.0
1,14150.0
1,12.0
1,18186.0
1,277.0
1,6.0
1,6.0
1,7090.0
1,12.0
1,276.0
1,14638.0
1,12.0
1,93.0
1,3818.0
1,9494.0
1,12.0
1,263.0
1,12.0
1,3602.0
1,12.0
1,268.0
1,17164.0
1,6.0
1,6.0
1,265.0
1,313.0
1,12.0
1,2747.0
1,12.0
1,265.0
1,3223.0
1,6.0
1,6.0
1,1950.0
1,12.0
1,3692.0
1,12.0
1,268.0
1,2917.0
1,6.0
1,6.0
1,3236.0
1,5359.0
1,12.0
1,267.0
1,12.0
1,266.0
1,4406.0
1,2187.0
1,44.0
1,280.0
1,12.0
1,2385.0
1,2902.0
1,12.0
1,263.0
1,3463.0
1,6.0
1,6.0
1,5258.0
1,12.0
1,267.0
1,2037.0
1,6.0
1,6.0
1,190.0
1,12.0
1,6354.0
1,276.0
1,12.0
1,2435.0
1,12.0
1,267.0
1,12.0
1,2240.0
1,12.0
1,269.0
1,12.0
1,6322.0
1,6.0
1,6.0
1,1144.0
1,12.0
1,264.0
1,12.0
1,4361.0
1,12.0
1,267.0
1,12.0
1,266.0
1,1756.0
1,5226.0
1,12.0
1,264.0
1,5644.0
1,12.0
1,267.0
1,12.0
1,265.0
1,12.0
1,7628.0
1,12.0
1,267.0
1,5.0
1,3505.0
1,12.0
1,268.0
1,12.0
1,5036.0
1,276.0
1,12.0
1,5661.0
1,12.0
1,265.0
1,275.0
1,6.0
1,6.0
1,4682.0
1,282.0
1,6.0
1,6.0
1,4232.0
1,29.0
1,12.0
1,1098.0
1,2055.0
1,280.0
1,12.0
1,8437.0
1,276.0
1,6.0
1,6.0
1,8478.0
1,278.0
1,6.0
1,6.0
1,4666.0
1,3401.0
1,12.0
1,2918.0
1,12.0
1,267.0
1,12.0
1,1149.0
1,12.0
1,2274.0
1,278.0
1,6.0
1,6.0
1,2469.0
1,12.0
1,11765.0
1,6.0
1,6.0
1,269.0
1,12.0
1,6352.0
1,277.0
1,4173.0
1,28.0
1,276.0
1,12.0
1,1406.0
1,12.0
1,266.0
1,1202.0
1,4.0
1,4.0
1,4.0
1,7261.0
1,42.0
1,18.0
1,178.0
1,6097.0
1,273.0
1,12.0
1,98.0
1,2182.0
1,12.0
1,152.0
1,276.0
1,12.0
1,6990.0
1,12.0
1,266.0
1,12.0
1,12641.0
1,12.0
1,5695.0
1,12.0
1,541.0
1,12.0
1,4040.0
1,278.0
1,12.0
1,1863.0
1,12.0
1,5367.0
1,276.0
1,6.0
1,6.0
1,268.0
1,12.0
1,3704.0
1,12.0
1,2668.0
1,164.0
1,475.0
1,278.0
1,12.0
1,4014.0
1,12.0
1,264.0
1,276.0
1,1661.0
1,5.0
1,2449.0
1,5.0
1,279.0
1,12.0
1,4533.0
1,6.0
1,6.0
1,4118.0
1,4.0
1,4.0
1,4.0
1,3180.0
1,12.0
1,268.0
1,12.0
1,1705.0
1,12.0
1,4273.0
1,6.0
1,6.0
1,4751.0
1,12.0
1,265.0
1,12.0
1,2412.0
1,12.0
1,4815.0
1,277.0
1,9986.0
1,12.0
1,265.0
1,120.0
1,12.0
1,10093.0
1,278.0
1,6.0
1,6.0
1,3567.0
1,12.0
1,268.0
1,12.0
1,2631.0
1,12.0
1,2719.0
1,274.0
1,12.0
1,8460.0
1,275.0
1,6.0
1,6.0
1,266.0
1,12.0
1,2714.0
1,12.0
1,3084.0
1,9.0
1,293.0
1,2690.0
1,12.0
1,3882.0
1,12.0
1,264.0
1,12.0
1,6342.0
1,12.0
1,265.0
1,12.0
1,6984.0
1,277.0
1,6.0
1,6.0
1,4455.0
1,12.0
1,5581.0
1,276.0
1,12.0
1,3142.0
1,12.0
1,3388.0
1,12.0
1,265.0
1,12.0
1,3519.0
1,12.0
1,3933.0
1,278.0
1,12.0
1,3249.0
1,12.0
1,266.0
1,12.0
1,5298.0
1,12.0
1,261.0
1,12.0
1,3812.0
1,277.0
1,6.0
1,6.0
1,3737.0
1,277.0
1,12.0
1,2204.0
1,12.0
1,263.0
1,12.0
1,3260.0
1,12.0
1,263.0
1,12.0
1,2725.0
1,5948.0
1,5.0
1,12.0
1,267.0
1,12.0
1,3232.0
1,3657.0
1,12.0
1,270.0
1,2414.0
1,6.0
1,6.0
1,3751.0
1,12.0
1,266.0
1,12.0
1,6842.0
1,12.0
1,5299.0
1,274.0
1,12.0
1,3695.0
1,12.0
1,267.0
1,12.0
1,3536.0
1,12.0
1,262.0
1,276.0
1,6.0
1,6.0
1,4062.0
1,8950.0
1,12.0
1,263.0
1,116.0
1,4112.0
1,12.0
1,265.0
1,12.0
1,1506.0
1,12.0
1,264.0
1,12.0
1,266.0
1,2553.0
1,6.0
1,6.0
1,265.0
1,8256.0
1,12.0
1,265.0
1,12.0
1,267.0
1,12.0
1,6850.0
1,17.0
1,280.0
1,3957.0
1,41.0
1,12.0
1,10177.0
1,274.0
1,12.0
1,264.0
1,12.0
1,9452.0
1,12.0
1,8761.0
1,12.0
1,267.0
1,17827.0
1,6.0
1,6.0
1,5434.0
1,274.0
1,12.0
1,11197.0
1,12.0
1,264.0
1,12.0
1,264.0
1,12.0
1,9023.0
1,12.0
1,3021.0
1,12.0
1,263.0
1,6607.0
1,12.0
1,82.0
1,12.0
1,4364.0
1,12.0
1,265.0
1,12.0
1,3263.0
1,12.0
1,5135.0
1,12.0
1,264.0
1,6714.0
1,6.0
1,6.0
1,4376.0
1,278.0
1,12.0
1,5318.0
1,12.0
1,9483.0
1,12.0
1,267.0
1,291.0
1,11.0
1,12.0
1,3927.0
1,12.0
1,3085.0
1,12.0
1,266.0
1,1807.0
1,2460.0
1,280.0
1,12.0
1,5431.0
1,12.0
1,4690.0
1,278.0
1,6.0
1,6.0
1,7046.0
1,6.0
1,6.0
1,267.0
1,12.0
1,4696.0
1,12.0
1,266.0
1,12.0
1,3481.0
1,12.0
1,1422.0
1,12.0
1,266.0
1,12.0
1,4355.0
1,11049.0
1,12.0
1,263.0
1,12.0
1,265.0
1,13011.0
1,6.0
1,6.0
1,263.0
1,12.0
1,10612.0
1,12.0
1,263.0
1,12.0
1,270.0
1,7543.0
1,12.0
1,93.0
1,12.0
1,5640.0
1,12.0
1,269.0
1,4571.0
1,60.0
1,12.0
1,267.0
1,12.0
1,2914.0
1,12.0
1,426.0
1,3089.0
1,12.0
1,900.0
1,721.0
1,280.0
1,12.0
1,9087.0
1,12.0
1,264.0
1,12.0
1,5223.0
1,12.0
1,265.0
1,4362.0
1,4.0
1,4.0
1,4.0
1,262.0
1,12.0
1,2713.0
1,12.0
1,4243.0
1,12.0
1,262.0
1,278.0
1,6.0
1,6.0
1,5574.0
1,12.0
1,6042.0
1,274.0
1,280.0
1,4109.0
1,367.0
1,277.0
1,12.0
1,5051.0
1,275.0
1,6.0
1,6.0
1,4155.0
1,277.0
1,5685.0
1,12.0
1,266.0
1,277.0
1,12.0
1,4633.0
1,276.0
1,28.0
1,12.0
1,8225.0
1,12.0
1,264.0
1,12.0
1,264.0
1,7385.0
1,12.0
1,267.0
1,12.0
1,2686.0
1,398.0
1,282.0
1,12.0
1,5023.0
1,12.0
1,6252.0
1,4.0
1,4.0
1,4.0
1,5730.0
1,12.0
1,4930.0
1,282.0
1,12.0
1,4164.0
1,12.0
1,2166.0
1,12.0
1,268.0
1,6629.0
1,6.0
1,6.0
1,5530.0
1,12.0
1,9020.0
1,12.0
1,266.0
1,1784.0
1,1658.0
1,275.0
1,12.0
1,8135.0
1,275.0
1,2899.0
1,12.0
1,268.0
1,12.0
1,11188.0
1,12.0
1,268.0
1,12.0
1,4495.0
1,279.0
1,275.0
1,6425.0
1,12.0
1,269.0
1,12.0
1,2636.0
1,12.0
1,271.0
1,12.0
1,7454.0
1,280.0
1,6.0
1,6.0
1,6309.0
1,279.0
1,276.0
1,6.0
1,6.0
1,4998.0
1,12.0
1,7725.0
1,12.0
1,265.0
1,12.0
1,265.0
1,12.0
1,4490.0
1,283.0
1,12.0
1,5162.0
1,12.0
1,9360.0
1,279.0
1,6.0
1,6.0
1,9504.0
1,12.0
1,267.0
1,255.0
1,8289.0
1,6.0
1,6.0
1,2579.0
1,12.0
1,268.0
1,12.0
1,2174.0
1,12.0
1,9045.0
1,280.0
1,6.0
1,6.0
1,12454.0
1,276.0
1,12.0
1,269.0
1,12.0
1,10046.0
1,12.0
1,265.0
1,12.0
1,263.0
1,12.0
1,8907.0
1,12.0
1,266.0
1,12.0
1,2663.0
1,567.0
1,249.0
1,281.0
1,276.0
1,3626.0
1,12.0
1,266.0
1,12.0
1,2682.0
1,3265.0
1,6.0
1,6.0
1,3187.0
1,12.0
1,272.0
1,1744.0
1,12.0
1,266.0
1,4224.0
1,6.0
1,6.0
1,5576.0
1,12.0
1,262.0
1,12.0
1,265.0
1,12.0
1,4973.0
1,105.0
1,12.0
1,3735.0
1,12.0
1,268.0
1,12.0
1,3788.0
1,12.0
1,2155.0
1,12.0
1,264.0
1,5083.0
1,6.0
1,6.0
1,266.0
1,12.0
1,1077.0
1,303.0
1,12.0
1,1556.0
1,12.0
1,268.0
1,277.0
1,1851.0
1,12.0
1,156.0
1,12.0
1,3150.0
1,295.0
1,12.0
1,1480.0
1,12.0
1,261.0
1,2099.0
1,6.0
1,6.0
1,4273.0
1,12.0
1,265.0
1,12.0
1,5024.0
1,279.0
1,6.0
1,6.0
1,3999.0
1,3822.0
1,12.0
1,263.0
1,12.0
1,3842.0
1,12.0
1,8384.0
1,12.0
1,269.0
1,12.0
1,7461.0
1,12.0
1,267.0
1,12.0
1,1413.0
1,279.0
1,12.0
1,2277.0
1,276.0
1,22.0
1,2405.0
1,1947.0
1,12.0
1,1538.0
1,12.0
1,5889.0
1,284.0
1,12.0
1,12.0
1,6008.0
1,6.0
1,6.0
1,8190.0
1,12.0
1,14915.0
1,12.0
1,265.0
1,11080.0
1,6.0
1,6.0
1,15620.0
1,278.0
1,12.0
1,1249.0
1,7353.0
1,277.0
1,73.0
1,7271.0
1,12.0
1,12148.0
1,276.0
1,6.0
1,6.0
1,19199.0
1,12.0
1,225.0
1,12.0
1,15338.0
1,6.0
1,6.0
1,10911.0
1,12.0
1,13092.0
1,12.0
1,267.0
1,12.0
1,11931.0
1,427.0
1,6.0
1,6.0
1,12500.0
1,77.0
1,12.0
1,1512.0
1,8118.0
1,5250.0
1,12.0
1,262.0
1,12.0
1,3637.0
1,3288.0
1,1122.0
1,145.0
1,222.0
1,166.0
1,189.0
1,124.0
1,167.0
1,123.0
1,92.0
1,266.0
1,189.0
1,222.0
1,89.0
1,23.0
1,63.0
1,1956.0
1,46.0
1,44.0
1,46.0
1,11.0
1,11.0
1,52.0
1,12.0
1,5301.0
1,3255.0
1,52694.0
1,31458.0
1,25.0
1,12965.0
1,6.0
1,6.0
1,10374.0
1,12.0
1,9221.0
1,12.0
1,7253.0
1,12.0
1,269.0
1,12.0
1,9858.0
1,12.0
1,11491.0
1,12.0
1,268.0
1,12.0
1,4852.0
1,11287.0
1,12.0
1,11909.0
1,12.0
1,268.0
1,12.0
1,9823.0
1,12.0
1,266.0
1,1106.0
1,5175.0
1,12.0
1,7119.0
1,25.0
1,4.0
1,15896.0
1,42.0
1,278.0
1,12.0
1,269.0
1,12.0
1,11498.0
1,12.0
1,11143.0
1,12.0
1,261.0
1,6.0
1,6.0
1,270.0
1,12.0
1,6045.0
1,278.0
1,6.0
1,6.0
1,5076.0
1,12.0
1,271.0
1,279.0
1,6.0
1,6.0
1,1666.0
1,2507.0
1,12.0
1,267.0
1,12.0
1,270.0
1,12.0
1,5377.0
1,12.0
1,3731.0
1,12.0
1,270.0
1,280.0
1,2545.0
1,6.0
1,6.0
1,268.0
1,12.0
1,3329.0
1,282.0
1,6.0
1,6.0
1,3708.0
1,12.0
1,269.0
1,12.0
1,4232.0
1,12.0
1,269.0
1,4.0
1,302.0
1,532.0
1,1.0
1,1.0
1,1.0
1,1.0
1,1.0
1,1.0
1,1.0
1,1.0
1,1.0
1,1.0
1,1.0
1,1.0
1,1.0
1,1.0
1,1.0
1,1.0
1,1.0
1,1.0
1,1.0
1,1.0
1,1.0
1,1.0
1,1.0
1,1.0
1,1.0
1,1.0
1,1.0
1,1.0
1,1.0
1,1.0
1,1.0
1,1.0
1,1.0
1,1.0
1,1.0
1,1.0
1,1.0
1,1.0
1,1.0
1,1.0
1,1.0
1,1.0
1,1.0
1,1.0
1,1.0
1,1.0
1,1.0
1,1.0
1,1.0
1,1.0
1,1.0
1,1.0
1,1.0
1,1.0
1,1.0
1,1.0
1,1.0
1,1.0
1,1.0
1,1.0
1,1.0
1,1.0
1,1.0
1,1.0
1,1.0
1,1.0
1,1.0
1,12.0
1,12.0
1,1.0
1,1.0
1,1.0
1,1.0
1,1.0
1,1.0
1,1.0
1,1.0
1,1.0
1,1.0
1,1.0
1,1.0
1,1.0
1,1.0
1,1.0
1,1.0
1,1.0
1,1.0
1,1.0
1,1.0
1,1.0
1,1.0
1,1.0
1,1.0
1,1.0
1,1.0
1,1.0
1,1.0
1,1.0
1,1.0
1,1.0
1,1.0
1,1.0
1,1.0
1,1.0
1,1.0
1,1.0
1,1.0
1,1.0
1,1.0
1,6.0
1,6.0
1,1.0
1,1.0
1,1.0
1,1.0
1,1.0
1,1.0
1,1.0
1,1.0
1,1.0
1,1.0
1,1.0
1,1.0
1,1.0
1,1.0
1,1.0
1,1.0
1,1.0
1,1.0
1,1.0
1,1.0
1,1.0
1,1.0
1,1.0
1,1.0
1,1.0
1,1.0
1,1.0
1,1.0
1,1.0
1,1.0
1,1.0
1,1.0
1,1.0
1,1.0
1,1.0
1,1.0
1,1.0
1,1.0
1,1.0
1,1.0
1,1.0
1,1.0
1,1.0
1,1.0
1,12.0
1,11802.0
1,34252.0
1,21206.0
1,92685.0
1,109660.0
1,32297.0
1,60778.0
1,213.0
1,4.0
1,4.0
1,4.0
1,4.0
1,3.0
1,3.0
1,3.0
1,3.0
1,5521.0
1,15827.0
1,12.0
1,13870.0
1,12.0
1,268.0
1,10368.0
1,6.0
1,6.0
1,262.0
1,12.0
1,7611.0
1,278.0
1,279.0
1,6.0
1,6.0
1,9507.0
1,12.0
1,265.0
1,12.0
1,10698.0
1,275.0
1,6.0
1,6.0
1,6501.0
1,6.0
1,6.0
1,4125.0
1,12.0
1,11479.0
1,12.0
1,266.0
1,275.0
1,6.0
1,6.0
1,9522.0
1,12.0
1,266.0
1,12.0
1,4418.0
1,275.0
1,12.0
1,8270.0
1,12.0
1,303.0
1,3.0
1,5949.0
1,12.0
1,263.0
1,12.0
1,6459.0
1,12.0
1,9873.0
1,6.0
1,6.0
1,262.0
1,2.0
1,5839.0
1,12.0
1,6044.0
1,281.0
1,6.0
1,6.0
1,8182.0
1,12.0
1,265.0
1,7697.0
1,12.0
1,266.0
1,12.0
1,5563.0
1,278.0
1,6.0
1,6.0
1,8672.0
1,12.0
1,265.0
1,1998.0
1,6.0
1,6.0
1,3528.0
1,12.0
1,106.0
1,4453.0
1,12.0
1,5214.0
1,12.0
1,265.0
1,12.0
1,266.0
1,12.0
1,23479.0
1,274.0
1,6.0
1,6.0
1,9781.0
1,277.0
1,12.0
1,7461.0
1,12.0
1,5849.0
1,12.0
1,269.0
1,12.0
1,4494.0
1,12.0
1,4953.0
1,12.0
1,262.0
1,12.0
1,2058.0
1,8849.0
1,12.0
1,266.0
1,12.0
1,20135.0
1,12.0
1,265.0
1,12.0
1,9094.0
1,279.0
1,6.0
1,6.0
1,10067.0
1,278.0
1,12.0
1,11420.0
1,12.0
1,11250.0
1,273.0
1,6.0
1,6.0
1,7776.0
1,280.0
1,6.0
1,6.0
1,6363.0
1,12.0
1,17037.0
1,277.0
1,12.0
1,266.0
1,12.0
1,2679.0
1,12.0
1,2474.0
1,12.0
1,2937.0
1,12.0
1,269.0
1,12.0
1,18140.0
1,3850.0
1,1615.0
1,279.0
1,12.0
1,2680.0
1,12.0
1,11683.0
1,12.0
1,262.0
1,12.0
1,266.0
1,11080.0
1,12.0
1,5633.0
1,397.0
1,278.0
1,9597.0
1,12.0
1,46.0
1,12444.0
1,12.0
1,13721.0
1,12.0
1,263.0
1,12.0
1,19831.0
1,12.0
1,266.0
1,280.0
1,12.0
1,1551.0
1,16861.0
1,279.0
1,12.0
1,16215.0
1,12.0
1,113.0
1,12.0
1,265.0
1,12252.0
1,6.0
1,6.0
1,270.0
1,8754.0
1,12.0
1,267.0
1,12.0
1,5180.0
1,12.0
1,7337.0
1,12.0
1,270.0
1,12.0
1,11783.0
1,12.0
1,268.0
1,12.0
1,6861.0
1,278.0
1,12.0
1,2302.0
1,6762.0
1,281.0
1,12.0
1,9561.0
1,12.0
1,4274.0
1,12.0
1,265.0
1,12.0
1,9668.0
1,12.0
1,268.0
1,4897.0
1,12.0
1,262.0
1,12.0
1,12980.0
1,12.0
1,16255.0
1,12.0
1,266.0
1,277.0
1,12.0
1,3440.0
1,6.0
1,6.0
1,7697.0
1,3339.0
1,12.0
1,264.0
1,12.0
1,266.0
1,12.0
1,8367.0
1,12.0
1,266.0
1,12.0
1,11210.0
1,12.0
1,3128.0
1,12.0
1,1314.0
1,6.0
1,6.0
1,2617.0
1,278.0
1,3113.0
1,12.0
1,270.0
1,12.0
1,7597.0
1,12.0
1,263.0
1,12.0
1,4129.0
1,290.0
1,10.0
1,7829.0
1,12.0
1,264.0
1,171.0
1,6.0
1,6.0
1,7752.0
1,278.0
1,6.0
1,6.0
1,3601.0
1,278.0
1,2687.0
1,2360.0
1,7784.0
1,277.0
1,12.0
1,263.0
1,12.0
1,7222.0
1,12.0
1,265.0
1,6538.0
1,6.0
1,6.0
1,6787.0
1,6.0
1,6.0
1,8129.0
1,12.0
1,268.0
1,12.0
1,5864.0
1,12.0
1,10109.0
1,279.0
1,6.0
1,6.0
1,3264.0
1,12.0
1,543.0
1,4950.0
1,282.0
1,6.0
1,6.0
1,3842.0
1,12.0
1,4720.0
1,12.0
1,270.0
1,12.0
1,10746.0
1,12.0
1,268.0
1,12.0
1,683.0
1,278.0
1,12.0
1,4330.0
1,12.0
1,267.0
1,12.0
1,4563.0
1,12.0
1,4457.0
1,12.0
1,306.0
1,12.0
1,3298.0
1,1301.0
1,12.0
1,268.0
1,12.0
1,5662.0
1,12.0
1,264.0
1,12.0
1,6444.0
1,12.0
1,265.0
1,12.0
1,3357.0
1,278.0
1,12.0
1,811.0
1,1330.0
1,5154.0
1,208.0
1,278.0
1,12.0
1,4679.0
1,277.0
1,6.0
1,6.0
1,14070.0
1,12.0
1,10550.0
1,1312.0
1,12.0
1,263.0
1,12.0
1,3827.0
1,12.0
1,268.0
1,12.0
1,3708.0
1,12.0
1,248.0
1,7243.0
1,12.0
1,2930.0
1,30.0
1,12.0
1,2223.0
1,278.0
1,12.0
1,881.0
1,4328.0
1,278.0
1,12.0
1,6413.0
1,12.0
1,262.0
1,2916.0
1,411.0
1,12.0
1,4037.0
1,6.0
1,6.0
1,4851.0
1,12.0
1,265.0
1,12.0
1,3405.0
1,12.0
1,3314.0
1,12.0
1,264.0
1,12.0
1,4786.0
1,12.0
1,265.0
1,256.0
1,7925.0
1,170.0
1,12.0
1,435.0
1,4991.0
1,302.0
1,2619.0
1,1447.0
1,12.0
1,5149.0
1,2150.0
1,6.0
1,6.0
1,271.0
1,107.0
1,1482.0
1,883.0
1,80.0
1,278.0
1,12.0
1,2471.0
1,12.0
1,8228.0
1,12.0
1,294.0
1,280.0
1,12053.0
1,4.0
1,4.0
1,4.0
1,240.0
1,230.0
1,1080.0
1,184.0
1,33.0
1,67.0
1,11.0
1,100.0
1,206.0
1,232.0
1,66.0
1,12.0
1,1189.0
1,7913.0
1,6368.0
1,12.0
1,7255.0
1,277.0
1,6.0
1,6.0
1,6606.0
1,279.0
1,6.0
1,6.0
1,4810.0
1,200.0
1,1655.0
1,278.0
1,12.0
1,6845.0
1,273.0
1,6.0
1,6.0
1,3108.0
1,12.0
1,4013.0
1,277.0
1,6.0
1,6.0
1,7282.0
1,4441.0
1,12.0
1,266.0
1,12.0
1,6470.0
1,12.0
1,7970.0
1,12.0
1,266.0
1,12.0
1,9698.0
1,12.0
1,512.0
1,6010.0
1,12.0
1,270.0
1,12.0
1,263.0
1,12.0
1,3495.0
1,12.0
1,5632.0
1,320.0
1,12.0
1,7385.0
1,4.0
1,4.0
1,4.0
1,4925.0
1,12.0
1,3943.0
1,12.0
1,266.0
1,3174.0
1,6.0
1,6.0
1,4531.0
1,12.0
1,267.0
1,3640.0
1,12.0
1,119.0
1,2228.0
1,273.0
1,12.0
1,3209.0
1,12.0
1,265.0
1,12.0
1,3196.0
1,12.0
1,7042.0
1,276.0
1,6.0
1,6.0
1,4032.0
1,263.0
1,12.0
1,266.0
1,12.0
1,5494.0
1,12.0
1,59.0
1,12.0
1,3593.0
1,12.0
1,294.0
1,6163.0
1,12.0
1,266.0
1,12.0
1,9144.0
1,12.0
1,264.0
1,279.0
1,6.0
1,6.0
1,8078.0
1,12.0
1,267.0
1,11269.0
1,12.0
1,266.0
1,12.0
1,9737.0
1,276.0
1,6.0
1,6.0
1,265.0
1,12.0
1,14372.0
1,12.0
1,266.0
1,12.0
1,3584.0
1,274.0
1,12.0
1,111.0
1,1546.0
1,276.0
1,12.0
1,6654.0
1,12.0
1,263.0
1,6098.0
1,6.0
1,6.0
1,268.0
1,12.0
1,3249.0
1,12.0
1,2185.0
1,276.0
1,7843.0
1,6.0
1,6.0
1,266.0
1,12.0
1,5642.0
1,12.0
1,7249.0
1,12.0
1,360.0
1,21.0
1,279.0
1,7333.0
1,12.0
1,264.0
1,12.0
1,3425.0
1,12.0
1,265.0
1,12.0
1,5694.0
1,12.0
1,4276.0
1,12.0
1,267.0
1,12.0
1,3857.0
1,275.0
1,62.0
1,4025.0
1,12.0
1,266.0
1,279.0
1,5651.0
1,12.0
1,8676.0
1,12.0
1,266.0
1,12.0
1,7122.0
1,275.0
1,12.0
1,1233.0
1,12.0
1,4530.0
1,12.0
1,264.0
1,4.0
1,4.0
1,4.0
1,6407.0
1,12.0
1,267.0
1,128.0
1,6.0
1,6.0
1,148.0
1,5956.0
1,12.0
1,267.0
1,12.0
1,6900.0
1,275.0
1,6.0
1,6.0
1,4694.0
1,12.0
1,268.0
1,275.0
1,12.0
1,97.0
1,1217.0
1,5191.0
1,12.0
1,265.0
1,12.0
1,12136.0
1,283.0
1,6.0
1,6.0
1,8609.0
1,12.0
1,6970.0
1,12.0
1,270.0
1,3051.0
1,12.0
1,7073.0
1,12.0
1,264.0
1,12.0
1,11757.0
1,12.0
1,11501.0
1,12.0
1,262.0
1,12.0
1,6920.0
1,277.0
1,12.0
1,4408.0
1,12.0
1,7805.0
1,12.0
1,16146.0
1,504.0
1,278.0
1,12.0
1,268.0
1,12.0
1,6099.0
1,12.0
1,7625.0
1,12.0
1,266.0
1,5710.0
1,12.0
1,264.0
1,12.0
1,5348.0
1,12.0
1,10941.0
1,12.0
1,268.0
1,12.0
1,12635.0
1,12.0
1,267.0
1,12.0
1,10189.0
1,275.0
1,12.0
1,6650.0
1,12.0
1,266.0
1,53.0
1,9363.0
1,278.0
1,4051.0
1,12.0
1,264.0
1,12.0
1,6717.0
1,277.0
1,12.0
1,4028.0
1,12.0
1,265.0
1,12.0
1,4106.0
1,12.0
1,2520.0
1,12.0
1,3550.0
1,12.0
1,6236.0
1,279.0
1,12.0
1,745.0
1,105.0
1,2986.0
1,1240.0
1,278.0
1,12.0
1,3877.0
1,279.0
1,6.0
1,6.0
1,3001.0
1,277.0
1,6963.0
1,6.0
1,6.0
1,839.0
1,5577.0
1,277.0
1,12.0
1,845.0
1,25.0
1,282.0
1,12.0
1,15567.0
1,12.0
1,266.0
1,275.0
1,6.0
1,6.0
1,4088.0
1,5265.0
1,12.0
1,5572.0
1,12.0
1,265.0
1,12.0
1,9027.0
1,12.0
1,3293.0
1,279.0
1,6.0
1,6.0
1,3183.0
1,279.0
1,12.0
1,7679.0
1,7417.0
1,6.0
1,6.0
1,12177.0
1,12.0
1,7710.0
1,12.0
1,268.0
1,11571.0
1,6.0
1,6.0
1,7477.0
1,6.0
1,6.0
1,5185.0
1,12.0
1,4405.0
1,277.0
1,6.0
1,6.0
1,4352.0
1,12.0
1,11961.0
1,277.0
1,6.0
1,6.0
1,11841.0
1,116.0
1,12.0
1,7978.0
1,24.0
1,5437.0
1,12.0
1,264.0
1,6683.0
1,6.0
1,6.0
1,268.0
1,12.0
1,7469.0
1,5209.0
1,12.0
1,309.0
1,12.0
1,5066.0
1,12.0
1,5293.0
1,12.0
1,266.0
1,12.0
1,2911.0
1,12.0
1,2809.0
1,12.0
1,266.0
1,4827.0
1,12.0
1,6801.0
1,12.0
1,5069.0
1,278.0
1,6.0
1,6.0
1,5086.0
1,12.0
1,265.0
1,12.0
1,3248.0
1,278.0
1,6.0
1,6.0
1,5402.0
1,131.0
1,12.0
1,266.0
1,12.0
1,1616.0
1,12.0
1,260.0
1,5497.0
1,6.0
1,6.0
1,264.0
1,278.0
1,12.0
1,263.0
1,28.0
1,4857.0
1,12.0
1,265.0
1,278.0
1,9084.0
1,12.0
1,263.0
1,12.0
1,267.0
1,3768.0
1,6.0
1,6.0
1,6180.0
1,275.0
1,12.0
1,266.0
1,12.0
1,4564.0
1,279.0
1,6.0
1,6.0
1,4111.0
1,12.0
1,266.0
1,12.0
1,4466.0
1,276.0
1,12.0
1,4439.0
1,12.0
1,7255.0
1,12.0
1,264.0
1,278.0
1,6.0
1,6.0
1,6628.0
1,44.0
1,8042.0
1,281.0
1,12.0
1,3612.0
1,12.0
1,2406.0
1,278.0
1,6.0
1,6.0
1,15124.0
1,12.0
1,266.0
1,120.0
1,6763.0
1,278.0
1,12.0
1,1235.0
1,1949.0
1,278.0
1,11233.0
1,6.0
1,6.0
1,5066.0
1,12.0
1,265.0
1,6265.0
1,6.0
1,6.0
1,3878.0
1,7.0
1,12.0
1,3185.0
1,1284.0
1,279.0
1,12.0
1,6307.0
1,280.0
1,3910.0
1,12.0
1,267.0
1,12.0
1,3633.0
1,12.0
1,10930.0
1,3.0
1,3.0
1,3.0
1,3.0
1,4405.0
1,12.0
1,263.0
1,12.0
1,4561.0
1,12.0
1,546.0
1,12.0
1,1979.0
1,6.0
1,6.0
1,2106.0
1,2406.0
1,280.0
1,12.0
1,2277.0
1,12.0
1,265.0
1,12.0
1,1292.0
1,4.0
1,4.0
1,4.0
1,4892.0
1,12.0
1,293.0
1,2837.0
1,12.0
1,270.0
1,12.0
1,4272.0
1,12.0
1,265.0
1,281.0
1,6.0
1,6.0
1,5568.0
1,44.0
1,279.0
1,6604.0
1,12.0
1,269.0
1,12.0
1,265.0
1,12.0
1,4254.0
1,12.0
1,266.0
1,12.0
1,5411.0
1,278.0
1,6.0
1,6.0
1,3653.0
1,276.0
1,12.0
1,6142.0
1,12.0
1,265.0
1,12.0
1,3141.0
1,12.0
1,6619.0
1,12.0
1,265.0
1,3617.0
1,4.0
1,4.0
1,4.0
1,6265.0
1,12.0
1,266.0
1,12.0
1,266.0
1,12.0
1,4071.0
1,12.0
1,3515.0
1,12.0
1,3560.0
1,12.0
1,292.0
1,12.0
1,4445.0
1,6.0
1,6.0
1,266.0
1,12.0
1,3019.0
1,12.0
1,267.0
1,12.0
1,2037.0
1,1.0
1,1.0
1,1.0
1,1.0
1,1.0
1,1.0
1,1.0
1,1.0
1,1.0
1,1.0
1,1.0
1,1.0
1,1.0
1,1.0
1,1.0
1,1.0
1,1.0
1,1.0
1,1.0
1,1.0
1,1.0
1,1.0
1,1.0
1,1.0
1,1.0
1,1.0
1,1.0
1,1.0
1,1.0
1,1.0
1,1.0
1,1.0
1,1.0
1,1.0
1,1.0
1,1.0
1,1.0
1,1.0
1,1.0
1,1.0
1,1.0
1,1.0
1,1.0
1,1.0
1,1.0
1,1.0
1,1.0
1,1.0
1,1.0
1,1.0
1,1.0
1,1.0
1,1.0
1,1.0
1,1.0
1,1.0
1,1.0
1,1.0
1,1.0
1,1.0
1,1.0
1,1.0
1,1.0
1,1.0
1,1.0
1,1.0
1,1.0
1,1.0
1,1.0
1,1.0
1,1.0
1,1.0
1,1.0
1,1.0
1,1.0
1,1.0
1,1.0
1,1.0
1,1.0
1,1.0
1,1.0
1,1.0
1,1.0
1,1.0
1,1.0
1,1.0
1,1.0
1,1.0
1,1.0
1,1.0
1,1.0
1,2.4
1,2.4
1,2.4
1,2.4
1,2.4
1,4.0
1,4.0
1,4.0
1,1.0
1,1.0
1,1.0
1,1.0
1,1.0
1,1.0
1,1.0
1,1.0
1,1.0
1,1.0
1,1.0
1,1.0
1,1.0
1,1.0
1,1.0
1,1.0
1,1.0
1,1.0
1,1.0
1,1.0
1,1.0
1,1.0
1,1.0
1,1.0
1,1.0
1,1.0
1,1.0
1,1.0
1,1.0
1,1.0
1,1.0
1,1.0
1,1.0
1,1.0
1,1.0
1,1.0
1,1.0
1,1.0
1,1.0
1,1.0
1,1.0
1,1.0
1,1.0
1,1.0
1,1.0
1,1.0
1,1.0
1,1.0
1,1.0
1,1.0
1,1.0
1,1.0
1,1.0
1,1.0
1,1.0
1,1.0
1,6.0
1,6.0
1,6369.0
1,71749.0
1,85070.0
1,58327.0
1,85876.0
1,35650.0
1,6.0
1,6.0
1,12.0
1,920.0
1,106.0
1,6.0
1,6.0
1,3.0
1,50.0
1,10.0
